month,AUC,n,events
12,0.8331840985046669,9711,446
24,0.8020018871855201,9292,225
36,0.7702684594958966,9083,164
48,0.7686909534425705,8928,230
