Model,AUC
XGBoost,0.6302244395882297
LSTM+Attn,0.6092682692175538
